{"cameraMode":{"drawMode":0,"name":"Shaded","section":"Shading Mode"},"sceneLighting":true,"audioPlay":false,"sceneViewState":{"m_AlwaysRefresh":false,"showFog":true,"showSkybox":true,"showFlares":true,"showImageEffects":true,"showParticleSystems":true,"showVisualEffectGraphs":true,"m_FxEnabled":true},"in2DMode":false,"pivot":{"x":-1.0982037782669068,"y":5.7046990394592289,"z":-10.819945335388184},"rotation":{"x":0.01799885928630829,"y":0.004499275702983141,"z":-0.00008099489787127823,"w":0.9998276233673096},"size":0.8660253882408142,"orthographic":false}